Key,Parameter,ja-jp,en-us,zh-cn,zh-tw,ko-kr,es-es,ar-sa,id-id
WaveOptics,,波動光学,Wave Optics,波动光学,波動光學,파동 광학,Óptica de ondas,البصريات الموجية,Optik Gelombang
OutputGroup,,出力,Output,输出,輸出,출력,Salida,الإخراج,Keluaran
OpticsGroup,,光学系,Optical System,光学系统,光學系統,광학 시스템,Sistema óptico,النظام البصري,Sistem Optik
ApertureGroup,,開口,Aperture,光圈,光圈,조리개,Apertura,الفتحة,Apertur
AberrationGroup,,波面収差,Wavefront Aberration,波前像差,波前像差,파면 수차,Aberración de frente de onda,انحراف جبهة الموجة,Aberasi Muka Gelombang
Amount,,適用量,Amount,适用量,適用量,적용량,Cantidad,الكمية,Jumlah
AmountDescription,,波動光学処理の適用量を調整します。0%では入力を変更しません。,Adjusts the amount of wave optics processing. The input is unchanged at 0%.,调整波动光学处理的适用量。0%时输入不变。,調整波動光學處理的適用量。0%時輸入不變。,파동 광학 처리의 적용량을 조정합니다. 0%에서는 입력이 변경되지 않습니다.,Ajusta la cantidad de procesamiento de óptica de ondas. La entrada no cambia al 0%.,يضبط مقدار معالجة البصريات الموجية. يبقى الإدخال دون تغيير عند 0%.,Menyesuaikan jumlah pemrosesan optik gelombang. Input tidak berubah pada 0%.
Gain,,利得,Gain,增益,增益,이득,Ganancia,الكسب,Penguatan
GainDescription,,エネルギー保存された畳み込み結果へ乗算する表示用利得です。,Sets the display gain applied after the energy preserving convolution.,设置能量守恒卷积后应用的显示增益。,設定能量守恆卷積後應用的顯示增益。,에너지 보존 컨볼루션 후 적용되는 표시 이득을 설정합니다.,Establece la ganancia de visualización aplicada tras la convolución de conservación de energía.,يضبط كسب العرض المطبق بعد الالتفاف الحافظ للطاقة.,Mengatur penguatan tampilan yang diterapkan setelah konvolusi pelestarian energi.
Wavelength,,波長,Wavelength,波长,波長,파장,Longitud de onda,الطول الموجي,Panjang Gelombang
WavelengthDescription,,単色光として計算する真空中の波長を指定します。,Sets the vacuum wavelength used for the monochromatic calculation.,设置单色光计算使用的真空波长。,設定單色光計算使用的真空波長。,단색광 계산에 사용되는 진공 파장을 설정합니다.,Establece la longitud de onda en el vacío utilizada para el cálculo monocromático.,يضبط الطول الموجي في الفراغ المستخدم للحساب أحادي اللون.,Mengatur panjang gelombang vakum yang digunakan untuk perhitungan monokromatik.
FNumber,,F値,F-number,F值,F值,F값,Número F,رقم F,Angka F
FNumberDescription,,開口径に対する焦点距離の比を指定します。,Sets the ratio of focal length to aperture diameter.,设置焦距与光圈直径的比值。,設定焦距與光圈直徑的比值。,초점 거리와 조리개 직경의 비율을 설정합니다.,Establece la relación entre la longitud focal y el diámetro de la apertura.,يضبط نسبة البعد البؤري إلى قطر الفتحة.,Mengatur rasio panjang fokus terhadap diameter apertur.
PixelPitch,,画素ピッチ,Pixel Pitch,像素间距,像素間距,픽셀 피치,Paso de píxel,خطوة البكسل,Jarak Piksel
PixelPitchDescription,,撮像面上の1画素の物理的な間隔を指定します。,Sets the physical spacing of one pixel on the image plane.,设置图像平面上一个像素的物理间距。,設定影像平面上一個像素的物理間距。,이미지 평면의 픽셀 하나의 물리적 간격을 설정합니다.,Establece el espaciado físico de un píxel en el plano de imagen.,يضبط التباعد المادي لبكسل واحد على مستوى الصورة.,Mengatur jarak fisik satu piksel pada bidang gambar.
KernelRadius,,カーネル半径,Kernel Radius,核半径,核半徑,커널 반지름,Radio de kernel,نصف قطر النواة,Radius Kernel
KernelRadiusDescription,,PSFを畳み込む画素半径を指定します。,Sets the pixel radius used to convolve the PSF.,设置用于卷积PSF的像素半径。,設定用於卷積PSF的像素半徑。,PSF를 컨볼루션하는 픽셀 반지름을 설정합니다.,Establece el radio de píxel utilizado para convolucionar la PSF.,يضبط نصف قطر البكسل المستخدم لالتفاف PSF.,Mengatur radius piksel yang digunakan untuk mengkonvolusikan PSF.
Quality,,品質,Quality,质量,品質,품질,Calidad,الجودة,Kualitas
QualityDescription,,瞳関数とPSFを計算するFFT格子の大きさを指定します。,Sets the FFT grid size used to calculate the pupil function and PSF.,设置用于计算瞳孔函数和PSF的FFT格点大小。,設定用於計算瞳孔函數和PSF的FFT格點大小。,동공 함수와 PSF를 계산하는 FFT 격자 크기를 설정합니다.,Establece el tamaño de la cuadrícula FFT utilizada para calcular la función pupilar y la PSF.,يضبط حجم شبكة FFT المستخدمة لحساب دالة الحدقة وPSF.,Mengatur ukuran kisi FFT yang digunakan untuk menghitung fungsi pupil dan PSF.
QualityDraft,,高速,Draft,草稿,草稿,초안,Borrador,مسودة,Draf
QualityStandard,,標準,Standard,标准,標準,표준,Estándar,قياسي,Standar
QualityHigh,,高精度,High,高精度,高精度,높음,Alto,مرتفع,Tinggi
ApertureShape,,開口形状,Aperture Shape,光圈形状,光圈形狀,조리개 형태,Forma de apertura,شكل الفتحة,Bentuk Apertur
ApertureShapeDescription,,瞳関数の外周形状を指定します。,Sets the outer shape of the pupil function.,设置瞳孔函数的外部形状。,設定瞳孔函數的外部形狀。,동공 함수의 외부 형태를 설정합니다.,Establece la forma exterior de la función pupilar.,يضبط الشكل الخارجي لدالة الحدقة.,Mengatur bentuk luar fungsi pupil.
CircularAperture,,円形,Circular,圆形,圓形,원형,Circular,دائري,Melingkar
RegularPolygonAperture,,正多角形,Regular Polygon,正多边形,正多邊形,정다각형,Polígono regular,مضلع منتظم,Poligon Beraturan
BladeCount,,羽根枚数,Blade Count,叶片数,葉片數,날개 수,Número de láminas,عدد الشفرات,Jumlah Bilah
BladeCountDescription,,正多角形開口の辺数を指定します。,Sets the number of sides in the regular polygon aperture.,设置正多边形光圈的边数。,設定正多邊形光圈的邊數。,정다각형 조리개의 변의 수를 설정합니다.,Establece el número de lados en la apertura de polígono regular.,يضبط عدد أضلاع فتحة المضلع المنتظم.,Mengatur jumlah sisi pada apertur poligon beraturan.
BladeRotation,,開口回転,Aperture Rotation,光圈旋转,光圈旋轉,조리개 회전,Rotación de apertura,دوران الفتحة,Rotasi Apertur
BladeRotationDescription,,正多角形開口の回転角を指定します。,Sets the rotation angle of the regular polygon aperture.,设置正多边形光圈的旋转角度。,設定正多邊形光圈的旋轉角度。,정다각형 조리개의 회전 각도를 설정합니다.,Establece el ángulo de rotación de la apertura de polígono regular.,يضبط زاوية دوران فتحة المضلع المنتظم.,Mengatur sudut rotasi apertur poligon beraturan.
Obstruction,,中央遮蔽,Central Obstruction,中央遮蔽,中央遮蔽,중앙 차폐,Obstrucción central,الحجب المركزي,Obstruksi Tengah
ObstructionDescription,,開口半径に対する中央遮蔽半径の割合を指定します。,Sets the central obstruction radius relative to the aperture radius.,设置中央遮蔽半径相对于光圈半径的比例。,設定中央遮蔽半徑相對於光圈半徑的比例。,조리개 반지름에 대한 중앙 차폐 반지름의 비율을 설정합니다.,Establece el radio de obstrucción central en relación al radio de apertura.,يضبط نصف قطر الحجب المركزي بالنسبة لنصف قطر الفتحة.,Mengatur radius obstruksi tengah relatif terhadap radius apertur.
Defocus,,デフォーカス,Defocus,离焦,離焦,디포커스,Desenfoque,إزالة التركيز,Defokus
DefocusDescription,,正規化Zernikeデフォーカス係数を波長単位で指定します。,Sets the normalized Zernike defocus coefficient in waves.,以波长为单位设置归一化Zernike离焦系数。,以波長為單位設定歸一化Zernike離焦係數。,파장 단위로 정규화된 Zernike 디포커스 계수를 설정합니다.,Establece el coeficiente de desenfoque de Zernike normalizado en ondas.,يضبط معامل إزالة التركيز لـZernike المعياري بالأمواج.,Mengatur koefisien defokus Zernike ternormalisasi dalam satuan gelombang.
AstigmatismVertical,,縦横非点収差,Vertical Astigmatism,垂直散光,垂直散光,수직 난시,Astigmatismo vertical,الاستجماتيزم الرأسي,Astigmatisme Vertikal
AstigmatismVerticalDescription,,0度方向の正規化Zernike非点収差係数を指定します。,Sets the normalized Zernike astigmatism coefficient at zero degrees.,设置0度方向的归一化Zernike散光系数。,設定0度方向的歸一化Zernike散光係數。,0도 방향의 정규화된 Zernike 난시 계수를 설정합니다.,Establece el coeficiente de astigmatismo de Zernike normalizado en cero grados.,يضبط معامل الاستجماتيزم لـZernike المعياري عند صفر درجة.,Mengatur koefisien astigmatisme Zernike ternormalisasi pada nol derajat.
AstigmatismOblique,,斜め非点収差,Oblique Astigmatism,斜向散光,斜向散光,사선 난시,Astigmatismo oblicuo,الاستجماتيزم المائل,Astigmatisme Miring
AstigmatismObliqueDescription,,45度方向の正規化Zernike非点収差係数を指定します。,Sets the normalized Zernike astigmatism coefficient at 45 degrees.,设置45度方向的归一化Zernike散光系数。,設定45度方向的歸一化Zernike散光係數。,45도 방향의 정규화된 Zernike 난시 계수를 설정합니다.,Establece el coeficiente de astigmatismo de Zernike normalizado en 45 grados.,يضبط معامل الاستجماتيزم لـZernike المعياري عند 45 درجة.,Mengatur koefisien astigmatisme Zernike ternormalisasi pada 45 derajat.
ComaHorizontal,,水平コマ収差,Horizontal Coma,水平彗差,水平彗差,수평 코마,Coma horizontal,الكوما الأفقية,Koma Horizontal
ComaHorizontalDescription,,水平方向の正規化Zernikeコマ収差係数を指定します。,Sets the normalized horizontal Zernike coma coefficient.,设置归一化水平Zernike彗差系数。,設定歸一化水平Zernike彗差係數。,정규화된 수평 Zernike 코마 계수를 설정합니다.,Establece el coeficiente de coma de Zernike horizontal normalizado.,يضبط معامل الكوما الأفقي لـZernike المعياري.,Mengatur koefisien koma Zernike horizontal ternormalisasi.
ComaVertical,,垂直コマ収差,Vertical Coma,垂直彗差,垂直彗差,수직 코마,Coma vertical,الكوما الرأسية,Koma Vertikal
ComaVerticalDescription,,垂直方向の正規化Zernikeコマ収差係数を指定します。,Sets the normalized vertical Zernike coma coefficient.,设置归一化垂直Zernike彗差系数。,設定歸一化垂直Zernike彗差係數。,정규화된 수직 Zernike 코마 계수를 설정합니다.,Establece el coeficiente de coma de Zernike vertical normalizado.,يضبط معامل الكوما الرأسي لـZernike المعياري.,Mengatur koefisien koma Zernike vertikal ternormalisasi.
Spherical,,球面収差,Spherical Aberration,球面像差,球面像差,구면 수차,Aberración esférica,الانحراف الكروي,Aberasi Sferis
SphericalDescription,,正規化Zernike球面収差係数を指定します。,Sets the normalized Zernike spherical aberration coefficient.,设置归一化Zernike球面像差系数。,設定歸一化Zernike球面像差係數。,정규화된 Zernike 구면 수차 계수를 설정합니다.,Establece el coeficiente de aberración esférica de Zernike normalizado.,يضبط معامل الانحراف الكروي لـZernike المعياري.,Mengatur koefisien aberasi sferis Zernike ternormalisasi.
TagDiffraction,,回折,diffraction,衍射,衍射,회절,difracción,الحيود,difraksi
TagLens,,レンズ,lens,镜头,鏡頭,렌즈,lente,العدسة,lensa
TagPsf,,点像分布関数,point spread function,点扩散函数,點擴散函數,점 확산 함수,función de dispersión puntual,دالة انتشار النقطة,fungsi penyebaran titik
TagOptics,,光学,optics,光学,光學,광학,óptica,البصريات,optik
UpdateAvailableMessage,,新しいバージョン {0} が公開されています。,A new version {0} is available.,新版本 {0} 已发布。,新版本 {0} 已發布。,새 버전 {0}이(가) 공개되었습니다.,La nueva versión {0} ya está disponible.,تم إصدار نسخة جديدة {0}.,Versi baru {0} telah dirilis.
Linear,,線形光,Linear Light,线性光,線性光,선형 광,Luz lineal,الضوء الخطي,Cahaya Linear
LinearDescription,,畳み込みの前に画素の値を光の強さに比例する値へ直し、結果を表示用の値へ戻します。,"Converts pixel values to values proportional to light intensity before the convolution, and converts the result back for display.",在卷积前将像素值转换为与光强成正比的值，并将结果转换回显示值。,在卷積前將像素值轉換為與光強成正比的值，並將結果轉換回顯示值。,"컨볼루션 전에 픽셀 값을 빛의 세기에 비례하는 값으로 변환하고, 결과를 표시용 값으로 되돌립니다.",Convierte los valores de píxel en valores proporcionales a la intensidad de la luz antes de la convolución y devuelve el resultado a valores de visualización.,يحوّل قيم البكسل إلى قيم تتناسب مع شدة الضوء قبل الالتفاف، ثم يعيد النتيجة إلى قيم العرض.,"Mengubah nilai piksel menjadi nilai yang sebanding dengan intensitas cahaya sebelum konvolusi, lalu mengembalikan hasilnya ke nilai tampilan."
HighlightThreshold,,ハイライト閾値,Highlight Threshold,高光阈值,高光閾值,하이라이트 임계값,Umbral de altas luces,عتبة الإضاءة العالية,Ambang Sorotan
HighlightThresholdDescription,,線形光のとき、画素の最も明るいチャンネルがこの割合を超えると、ハイライトの持ち上げを始めます。,"In linear light, highlight boosting starts when the brightest channel of a pixel exceeds this level.",在线性光下，当像素最亮的通道超过此比例时，开始提升高光。,在線性光下，當像素最亮的通道超過此比例時，開始提升高光。,선형 광에서 픽셀의 가장 밝은 채널이 이 비율을 넘으면 하이라이트를 끌어올리기 시작합니다.,"En luz lineal, el realce de las altas luces comienza cuando el canal más brillante de un píxel supera este nivel.",في الضوء الخطي، يبدأ تعزيز الإضاءة العالية عندما تتجاوز أسطع قناة في البكسل هذا المستوى.,"Pada cahaya linear, peningkatan sorotan dimulai saat kanal paling terang suatu piksel melebihi tingkat ini."
HighlightBoost,,ハイライト強度,Highlight Boost,高光强度,高光強度,하이라이트 강도,Intensidad de altas luces,شدة الإضاءة العالية,Intensitas Sorotan
HighlightBoostDescription,,線形光のとき、しきい値を超えた画素の明るさを最大で何倍に持ち上げるかを指定します。1倍では持ち上げません。,"In linear light, sets the maximum factor by which pixels above the threshold are brightened. 1x applies no boost.",在线性光下，设置超过阈值的像素亮度最多提升的倍数。1倍时不提升。,在線性光下，設定超過閾值的像素亮度最多提升的倍數。1倍時不提升。,선형 광에서 임계값을 넘은 픽셀의 밝기를 최대 몇 배로 끌어올릴지 설정합니다. 1배에서는 끌어올리지 않습니다.,"En luz lineal, establece el factor máximo por el que se aclaran los píxeles por encima del umbral. Con 1x no se aplica realce.",في الضوء الخطي، يضبط أقصى عامل يتم به تفتيح البكسلات التي تتجاوز العتبة. عند 1x لا يُطبَّق أي تعزيز.,"Pada cahaya linear, mengatur faktor maksimum untuk mencerahkan piksel di atas ambang. Pada 1x tidak ada peningkatan."
Dither,,ディザ,Dither,抖动,抖動,디더,Tramado,التنقيط,Dither
DitherDescription,,出力を8ビットに丸めるとき、画素の位置だけで決まる揺らぎを加えます。段差が目立たなくなり、淡い光が失われにくくなります。,Adds a variation that depends only on pixel position when rounding the output to 8 bits. This hides banding and keeps faint light from being lost.,将输出舍入为8位时，加入仅由像素位置决定的扰动。这能减轻色阶断层，并避免微弱的光丢失。,將輸出捨入為8位元時，加入僅由像素位置決定的擾動。這能減輕色階斷層，並避免微弱的光流失。,출력을 8비트로 반올림할 때 픽셀 위치로만 결정되는 흔들림을 더합니다. 계조의 단차가 눈에 덜 띄고 옅은 빛이 사라지지 않습니다.,Añade una variación que depende solo de la posición del píxel al redondear la salida a 8 bits. Oculta el bandeo y evita que se pierda la luz tenue.,يضيف تغييرًا يعتمد على موضع البكسل فقط عند تقريب المخرجات إلى 8 بت. يخفي ذلك تدرج النطاقات ويمنع فقدان الضوء الخافت.,Menambahkan variasi yang hanya bergantung pada posisi piksel saat membulatkan keluaran ke 8 bit. Ini menyamarkan pita warna dan mencegah cahaya redup hilang.
ColorMode,,色の扱い,Color Handling,颜色处理,顏色處理,색 처리,Tratamiento del color,معالجة اللون,Penanganan Warna
ColorModeDescription,,単色は、全チャンネルを「波長」の単色光として計算します。三原色は、赤、緑、青を別の波長（610、550、465 nm）で、広帯域は各色を波長の幅で積分して計算し、縁に色ずれが出ます。どちらも収差は光路差を一定にして求め、「波長」は使いません。,"Monochrome calculates every channel as monochromatic light at the Wavelength. Primaries calculates red, green and blue at separate wavelengths (610, 550, 465 nm), and Broadband integrates each color over a band of wavelengths, so edges show color fringes. Both keep the optical path difference of the aberrations fixed and ignore Wavelength.",单色将所有通道按“波长”的单色光计算。三原色将红、绿、蓝按不同波长（610、550、465 nm）计算，宽带则对每种颜色在一段波长范围内积分，边缘会出现色差。两者都保持像差的光程差不变，并且不使用“波长”。,單色將所有通道依「波長」的單色光計算。三原色將紅、綠、藍依不同波長（610、550、465 nm）計算，寬頻則對每種顏色在一段波長範圍內積分，邊緣會出現色差。兩者都保持像差的光程差不變，並且不使用「波長」。,"단색은 모든 채널을 '파장'의 단색광으로 계산합니다. 삼원색은 빨강, 초록, 파랑을 서로 다른 파장(610, 550, 465 nm)으로, 광대역은 각 색을 파장 범위에 걸쳐 적분하여 계산하므로 가장자리에 색 번짐이 생깁니다. 둘 다 수차의 광경로차를 일정하게 유지하며 '파장'은 사용하지 않습니다.","Monocromo calcula todos los canales como luz monocromática de la longitud de onda indicada. Tres primarios calcula rojo, verde y azul con longitudes de onda distintas (610, 550, 465 nm), y Banda ancha integra cada color en un rango de longitudes de onda, por lo que los bordes muestran franjas de color. Ambos mantienen constante la diferencia de camino óptico de las aberraciones y no usan la longitud de onda.",أحادي اللون يحسب كل القنوات كضوء أحادي اللون بالطول الموجي المحدد. الأوليات الثلاثة تحسب الأحمر والأخضر والأزرق بأطوال موجية مختلفة (610 و550 و465 نانومتر)، والنطاق العريض يكامل كل لون على مدى من الأطوال الموجية، فتظهر حواف ملونة. كلاهما يُبقي فرق المسار البصري للزيوغ ثابتًا ولا يستخدم الطول الموجي.,"Monokromatik menghitung semua kanal sebagai cahaya monokromatik pada panjang gelombang yang ditentukan. Tiga primer menghitung merah, hijau, dan biru pada panjang gelombang berbeda (610, 550, 465 nm), dan Pita lebar mengintegrasikan setiap warna pada rentang panjang gelombang sehingga tepi menampilkan pinggiran warna. Keduanya menjaga selisih jalur optik aberasi tetap dan tidak menggunakan panjang gelombang."
ColorModeMonochrome,,単色,Monochrome,单色,單色,단색,Monocromo,أحادي اللون,Monokromatik
ColorModePrimaries,,三原色,Primaries,三原色,三原色,삼원색,Tres primarios,الأوليات الثلاثة,Tiga primer
ColorModeBroadband,,広帯域,Broadband,宽带,寬頻,광대역,Banda ancha,نطاق عريض,Pita lebar
